('Unnamed: 0_level_0', 'Unnamed: 0_level_1')|('Family 1‐III:4', 'SARS (NM_006513.3: NP_006504.2) mutation c.514G&gt:A (p.Asp172Asn)')|('Family 1‐III:10', 'SARS (NM_006513.3: NP_006504.2) mutation c.514G&gt:A (p.Asp172Asn)')|('Family 1‐III:9', 'SARS (NM_006513.3: NP_006504.2) mutation c.514G&gt:A (p.Asp172Asn)')|('Family 1‐III:11', 'SARS (NM_006513.3: NP_006504.2) mutation c.514G&gt:A (p.Asp172Asn)')|('Family 2‐V:7', 'WARS2 (NM_201263.2: NP_957715.1) mutations c.325delA (p.Ser109Alafs*159) c.37T&gt:G (p.Trp13Gly)')|('Family 2‐V:8', 'WARS2 (NM_201263.2: NP_957715.1) mutations c.325delA (p.Ser109Alafs*159) c.37T&gt:G (p.Trp13Gly)')
Gender|Male|Male|Female|Female|Female|Female
Parental consanguinity|Distantly related|Distantly related|Distantly related|Distantly related|First cousins|First cousins
Ethnic origin|Arabic (Khozestan province)|Arabic (Khozestan province)|Arabic (Khozestan province)|Arabic (Khozestan province)|Iranian (Semnan province)|Iranian (Semnan province)
Birth|Full term (40 weeks)|Full term (40 weeks)|Full term (40 weeks)|Full term (40 weeks)|Full term (38 weeks)|Full term (37 weeks)
Growth parameters at birth|ND|ND|ND|ND|ND|ND
Age at latest examination (yrs)|30|13|18|11|17|16
Weight|ND|ND|ND|ND|Normal for age and height|Normal for age and height
Height (cm)|158 (−3SD)|151 (−1SD)|151 (−2.5 SD)|151 (−0SD)|150 (−2SD)|151 (−2SD)
OFC (cm)|51 (−4SD)|48 (−4SD)|48 (−5SD)|48 (−4SD)|52 (−2SD)|54 (0SD)
Facial features|−|−|−|−|Long philtrum|Long philtrum
Psychomotor development|Delayed|Delayed|Delayed|Delayed|Delayed|Delayed
Ataxia|+|+|+|+|+|+
Muscle weakness|+|+|+|+|+|+
Seizure|+|+|+|+|−|−
Behavior problems|Aggressive|Aggressive|Aggressive|Aggressive|Aggressive, temper tantrums|Aggressive, temper tantrums
Speech impairment|+|+|+|+|+|+
Intellectual disability|Moderate (IQ 45)|Moderate (IQ 40–45)|Moderate (IQ 45)|Moderate (IQ 45)|Moderate (IQ 46)|Moderate (IQ 41)
Other anomalies|Pes planus, thin body|Pes planus, thin body|−|−|Athetosis|Athetosis
row_hpo|[]|[]|[]|[]|[]|[]
col_hpo|[]|[]|[]|[]|[]|[]
